File Name,Score
b1,-0.2943594753742218
b5,0.40674838423728943
b3,0.02960447035729885
b2,0.5851073861122131
b4,-0.2989867627620697
